AQI,PM2.5,NO2,City_Health_Index,Cluster
249.76739666027925,248.54683821516562,75.02622502053107,249.27917328223376,2
250.33876266082672,252.5151382425404,75.15113605255954,251.2093128935122,0
251.49630440733642,252.90585819874076,75.91147002463728,252.06012592389817,3
250.6353955652888,250.45688475225842,75.32157131125103,250.56399124007666,0
253.3190528332877,248.5637558171366,75.66917601970982,251.41693402682728,1
